Product1,Product2
iPhone 12,MagSafe Charger
iPhone 12,iPhone Case
iPhone 12,Screen Protector
iPhone 12,Lightning Cable
iPhone 13,MagSafe Charger
iPhone 13,AirPods
iPhone 13,Camera Lens Protector
iPhone 13,iPhone Case
iPhone 14,MagSafe Wallet
iPhone 14,Power Bank
iPhone 14,AirPods Pro
iPhone 14,Screen Protector
iPhone 14 Pro,MagSafe Charger
iPhone 14 Pro,USB-C Cable
iPhone 14 Pro,Wireless Charger
iPhone 14 Pro,MagSafe Wallet
iPhone 15,USB-C Cable
iPhone 15,AirPods Pro
iPhone 15,Camera Lens Protector
iPhone 15,Power Bank
iPhone 15 Pro,Wireless Charger
iPhone 15 Pro,USB-C Cable
iPhone 15 Pro,MagSafe Wallet
iPhone 15 Pro,Screen Protector
iPhone 15 Pro Max,USB-C Cable
iPhone 15 Pro Max,MagSafe Wallet
iPhone 15 Pro Max,AirPods Pro
iPhone 15 Pro Max,Camera Lens Protector
iPhone 15 Pro Max,Wireless Charger
AirPods,AirPods Case
AirPods Pro,AirPods Case
MagSafe Charger,Wall Adapter
USB-C Cable,Wall Adapter
Wireless Charger,MagSafe Charger
Power Bank,USB-C Cable
Camera Lens Protector,Screen Protector
MagSafe Wallet,iPhone Case
